Request ID,Category,Mentor Type,Request Status,Response Time (hours),Resolved
1,Placement,Alumni,Resolved,18,Yes
2,Academic,Senior,Resolved,10,Yes
3,Project,Alumni,Resolved,22,Yes
4,Career,Alumni,Open,36,No
5,Placement,Senior,Resolved,14,Yes
6,Academic,Faculty,Resolved,8,Yes
7,Placement,Alumni,Resolved,20,Yes
8,Project,Senior,Open,30,No
9,Career,Alumni,Resolved,16,Yes
10,Placement,Alumni,Resolved,12,Yes
11,Academic,Senior,Resolved,9,Yes
12,Placement,Senior,Resolved,15,Yes
13,Project,Alumni,Resolved,24,Yes
14,Career,Senior,Open,40,No
15,Placement,Alumni,Resolved,19,Yes
16,Academic,Faculty,Resolved,7,Yes
17,Placement,Senior,Open,28,No
18,Project,Alumni,Resolved,21,Yes
19,Career,Alumni,Resolved,17,Yes
20,Placement,Alumni,Resolved,13,Yes
21,Academic,Senior,Resolved,11,Yes
22,Placement,Senior,Resolved,16,Yes
23,Project,Alumni,Open,32,No
24,Career,Alumni,Resolved,18,Yes
25,Placement,Alumni,Resolved,14,Yes
26,Academic,Faculty,Resolved,9,Yes
27,Placement,Senior,Resolved,17,Yes
28,Project,Alumni,Resolved,23,Yes
29,Career,Senior,Open,35,No
30,Placement,Alumni,Resolved,15,Yes
